{
    "p7.png": {
        "bl": [
            113.06120372692385, 
            638.5691211284661
        ], 
        "tl": [
            103.33626547085214, 
            55.4357395515695
        ], 
        "tr": [
            397.66637345291474, 
            55.17957739910315
        ], 
        "br": [
            396.73961722489685, 
            623.0811432891119
        ]
    }, 
    "p9.png": {
        "bl": [
            1, 
            718
        ], 
        "tl": [
            1, 
            1
        ], 
        "tr": [
            340, 
            1
        ], 
        "br": [
            329, 
            718
        ]
    }, 
    "p8.png": {
        "bl": [
            1, 
            718
        ], 
        "tl": [
            1, 
            1
        ], 
        "tr": [
            365, 
            1
        ], 
        "br": [
            351, 
            718
        ]
    }, 
    "p12.png": {
        "bl": [
            1, 
            718
        ], 
        "tl": [
            1, 
            1
        ], 
        "tr": [
            346, 
            1
        ], 
        "br": [
            335, 
            718
        ]
    }, 
    "p11.png": {
        "bl": [
            207, 
            438
        ], 
        "tl": [
            210, 
            253
        ], 
        "tr": [
            219, 
            253
        ], 
        "br": [
            217, 
            438
        ]
    }, 
    "p10.png": {
        "bl": [
            1, 
            718
        ], 
        "tl": [
            1, 
            1
        ], 
        "tr": [
            330, 
            1
        ], 
        "br": [
            324, 
            718
        ]
    }
}